Channel,Forecast_Period,Forecast_Revenue,Forecast_ROAS
Bing,30_days,11585.189996744342,6.329433829040597
Google,30_days,12563.266140516233,4.318649226014883
Meta,30_days,8158.326118304696,3.311072724027487
